t,a,phi,lambda,xc_1,xc_2,xc_3,uimp_1,uimp_2,fimp_1,fimp_2,KI,KII,T
0.0,0.0,0.0,0.0,0.0,0.0,0.0,0.0,0.0,0.0,0.0,0.0,0.0,0.0
1,9.7265625e-05,-0.21692313253879547,7.445649680448696e-05,0.002810697810327669,0.0009675041337268992,0.0,-2.3918160262252934e-25,7.445649680448696e-05,714.8096628119729,206803.84024220644,992705.4791184053,332483.94055788405,-8910248.9446148
