t,a,phi,lambda,xc_1,xc_2,xc_3,uimp_1,uimp_2,fimp_1,fimp_2,KI,KII,T
0.0,0.0,0.0,0.0,0.0,0.0,0.0,0.0,0.0,0.0,0.0,0.0,0.0,0.0
1,9.6875e-05,-0.21998582780361176,0.0001100748559110798,0.0017636477947902817,0.0023625927939875035,0.0,0.0,0.00011007485591107978,2057.80735582247,491922.5021872332,319064.7760872274,785240.5514666646,5791506.01936482
