t,a,phi,lambda,xc_1,xc_2,xc_3,uimp_1,uimp_2,fimp_1,fimp_2,KI,KII,T
0.0,0.0,0.0,0.0,0.0,0.0,0.0,0.0,0.0,0.0,0.0,0.0,0.0,0.0
1,9.74609375e-05,-0.08953546732664108,0.00014616630505770445,0.0013099849569302275,0.0025923887926274404,0.0,-2.9683024850099866e-25,0.0001461663050577044,1482.388715869295,581907.373184977,230690.5658331978,826205.2008781609,14224507.705425655
