t,a,phi,lambda,xc_1,xc_2,xc_3,uimp_1,uimp_2,fimp_1,fimp_2,KI,KII,T
0.0,0.0,0.0,0.0,0.0,0.0,0.0,0.0,0.0,0.0,0.0,0.0,0.0,0.0
1,9.69140625e-05,-0.028424985706806183,0.00010959460632875562,0.001516874912833098,0.002456757736859353,0.0,-3.450853937391587e-25,0.00010959460632875559,1803.783193908874,301249.9188344898,498382.4531621519,694558.195747993,7836711.803580873
