t,a,phi,lambda,xc_1,xc_2,xc_3,uimp_1,uimp_2,fimp_1,fimp_2,KI,KII,T
0.0,0.0,0.0,0.0,0.0,0.0,0.0,0.0,0.0,0.0,0.0,0.0,0.0,0.0
1,9.6796875e-05,0.27489036321640015,0.0002655276039149612,0.0005915329026871904,0.002852672932164735,0.0,0.0,0.0002655276039149612,1921.8610735403292,614581.7108633764,424536.5830149501,733289.9809272692,39186205.52289278
