t,a,phi,lambda,xc_1,xc_2,xc_3,uimp_1,uimp_2,fimp_1,fimp_2,KI,KII,T
0.0,0.0,0.0,0.0,0.0,0.0,0.0,0.0,0.0,0.0,0.0,0.0,0.0,0.0
1,9.6796875e-05,2.4038074016571045,0.00023250008234754205,0.00042674444225457916,0.002891508740494205,0.0,6.831939838050815e-27,0.00023250008234754205,-835.8583018818972,1005819.7832037176,-596644.4416044473,639321.9218174551,36718922.5746985
