t,a,phi,lambda,xc_1,xc_2,xc_3,uimp_1,uimp_2,fimp_1,fimp_2,KI,KII,T
0.0,0.0,0.0,0.0,0.0,0.0,0.0,0.0,0.0,0.0,0.0,0.0,0.0,0.0
1,9.69140625e-05,0.05598031356930733,0.00014393408491741866,0.0019084955634434005,0.006766903230455993,0.0,-2.2221367920591255e-25,0.00014393408491741869,6703.292849793515,507236.11712354806,167822.42716374257,854122.8617673339,18451398.505085915
