t,a,phi,lambda,xc_1,xc_2,xc_3,uimp_1,uimp_2,fimp_1,fimp_2,KI,KII,T
0.0,0.0,0.0,0.0,0.0,0.0,0.0,0.0,0.0,0.0,0.0,0.0,0.0,0.0
1,9.70703125e-05,0.009056331589818,0.00014695210848003626,0.001465146905115087,0.003759649572064319,0.0,9.973756988717205e-26,0.00014695210848003629,2950.4962365864662,523017.6270989461,254298.9450595361,815468.1163353715,16513566.29595382
