t,a,phi,lambda,xc_1,xc_2,xc_3,uimp_1,uimp_2,fimp_1,fimp_2,KI,KII,T
0.0,0.0,0.0,0.0,0.0,0.0,0.0,0.0,0.0,0.0,0.0,0.0,0.0,0.0
1,9.69921875e-05,0.0,5.9960813814541325e-05,0.0060969921875,0.0,0.0,3.139950227661668e-26,5.996081381454133e-05,32.59751521982935,175454.68994952916,1138659.0486935345,11.92342508162584,-8781765.901055729
