t,a,phi,lambda,xc_1,xc_2,xc_3,uimp_1,uimp_2,fimp_1,fimp_2,KI,KII,T
0.0,0.0,0.0,0.0,0.0,0.0,0.0,0.0,0.0,0.0,0.0,0.0,0.0,0.0
1,9.703125e-05,-0.2928190231323242,8.247880032286048e-05,0.0024766334631145235,0.0016410991268886708,0.0,-7.24259742156992e-26,8.247880032286047e-05,723.781415235977,320068.86870474415,723006.5063891623,560199.781349305,-4491473.2325655995
