t,a,phi,lambda,xc_1,xc_2,xc_3,uimp_1,uimp_2,fimp_1,fimp_2,KI,KII,T
0.0,0.0,0.0,0.0,0.0,0.0,0.0,0.0,0.0,0.0,0.0,0.0,0.0,0.0
1,9.74609375e-05,0.00787343829870224,0.00013339408906176686,0.0013103723278594314,0.0026018706935449862,0.0,-4.6929922115918e-25,0.00013339408906176684,2013.699058759778,414427.112980687,415669.84080904006,737801.0642986316,12401143.124328164
