t,a,phi,lambda,xc_1,xc_2,xc_3,uimp_1,uimp_2,fimp_1,fimp_2,KI,KII,T
0.0,0.0,0.0,0.0,0.0,0.0,0.0,0.0,0.0,0.0,0.0,0.0,0.0,0.0
1,9.69140625e-05,2.460205078125,0.0001898845803225413,0.0006623611773009715,0.0028139319971934758,0.0,1.219069301580092e-18,0.00018988458032254165,2764.6348286392777,826865.520276411,-372405.8499700696,759420.833449663,27560755.10884196
