t,a,phi,lambda,xc_1,xc_2,xc_3,uimp_1,uimp_2,fimp_1,fimp_2,KI,KII,T
0.0,0.0,0.0,0.0,0.0,0.0,0.0,0.0,0.0,0.0,0.0,0.0,0.0,0.0
1,9.69140625e-05,0.16737112402915955,0.00019730055646505207,0.0008331940755749704,0.0027690335948992706,0.0,-8.11673734408331e-25,0.00019730055646505204,1867.4138679408757,512106.8716481705,389553.39028850273,750927.9614852073,25858088.508685797
