t,a,phi,lambda,xc_1,xc_2,xc_3,uimp_1,uimp_2,fimp_1,fimp_2,KI,KII,T
0.0,0.0,0.0,0.0,0.0,0.0,0.0,0.0,0.0,0.0,0.0,0.0,0.0,0.0
1,9.69140625e-05,0.1558208167552948,0.00020488176960498095,0.0008333741767975928,0.002767928797485707,0.0,-9.757305112193097e-25,0.00020488176960498092,2074.880134318278,570946.8533656128,368948.7345717368,761121.422460807,26472674.825183734
