t,a,phi,lambda,xc_1,xc_2,xc_3,uimp_1,uimp_2,fimp_1,fimp_2,KI,KII,T
0.0,0.0,0.0,0.0,0.0,0.0,0.0,0.0,0.0,0.0,0.0,0.0,0.0,0.0
1,9.69140625e-05,2.622239351272583,0.00024769484298303723,0.0006534992723979773,0.002800988877806316,0.0,-2.2271448821517605e-25,0.00024769484298303723,1620.0461976889019,980752.7419964317,-23220.14964976096,915024.315874429,32910878.15489917
