t,a,phi,lambda,xc_1,xc_2,xc_3,uimp_1,uimp_2,fimp_1,fimp_2,KI,KII,T
0.0,0.0,0.0,0.0,0.0,0.0,0.0,0.0,0.0,0.0,0.0,0.0,0.0,0.0
1,9.70703125e-05,0.10489624738693237,0.00014194194227457047,0.0010781345702142958,0.0027070814703997487,0.0,-8.991573358751567e-25,0.00014194194227457044,1938.155882862916,327655.11151284486,432220.22325355635,729357.4712158656,16821028.3608639
