Beta,R2_Score,Non_Zero_Coefficients,RRMSE
0.01221,0.9881964189703983,2.0,0.10804672702028571
