t,a,phi,lambda,xc_1,xc_2,xc_3,uimp_1,uimp_2,fimp_1,fimp_2,KI,KII,T
0.0,0.0,0.0,0.0,0.0,0.0,0.0,0.0,0.0,0.0,0.0,0.0,0.0,0.0
1,9.69921875e-05,0.0,9.146924276137725e-05,0.0029169921875,0.0,0.0,-1.2203852406818908e-25,9.146924276137725e-05,-856.1066476886324,385238.5641546305,1138659.010273713,-4.261157840906148e-08,-14842343.159828367
