t,a,phi,lambda,xc_1,xc_2,xc_3,uimp_1,uimp_2,fimp_1,fimp_2,KI,KII,T
0.0,0.0,0.0,0.0,0.0,0.0,0.0,0.0,0.0,0.0,0.0,0.0,0.0,0.0
1,9.703125e-05,-0.30464306473731995,8.113839430734515e-05,0.0027117928610724882,0.0011922619915448608,0.0,5.521165979436048e-26,8.113839430734515e-05,1016.1756859317691,314661.25513161725,875817.4423910839,445848.15455995273,-8039939.917875037
