t,a,phi,lambda,xc_1,xc_2,xc_3,uimp_1,uimp_2,fimp_1,fimp_2,KI,KII,T
0.0,0.0,0.0,0.0,0.0,0.0,0.0,0.0,0.0,0.0,0.0,0.0,0.0,0.0
1,9.703125e-05,-0.21925945580005646,7.08151055732742e-05,0.0027139377090422685,0.0012002618131341386,0.0,-5.693815787418299e-25,7.081510557327418e-05,1048.8582450578344,172838.4160170917,938211.824478386,389499.1668503885,-7655530.524495787
