t,a,phi,lambda,xc_1,xc_2,xc_3,uimp_1,uimp_2,fimp_1,fimp_2,KI,KII,T
0.0,0.0,0.0,0.0,0.0,0.0,0.0,0.0,0.0,0.0,0.0,0.0,0.0,0.0
1,9.703125e-05,-0.235371932387352,7.521436782553792e-05,0.002713585377106152,0.0011987386349233658,0.0,-1.3747076143914573e-25,7.52143678255379e-05,867.0732437999147,216841.85642847925,927131.752239021,400091.2528905883,-7567101.9305461245
