t,a,phi,lambda,xc_1,xc_2,xc_3,uimp_1,uimp_2,fimp_1,fimp_2,KI,KII,T
0.0,0.0,0.0,0.0,0.0,0.0,0.0,0.0,0.0,0.0,0.0,0.0,0.0,0.0
1,9.765625e-05,-0.17512394487857819,0.00014369013661053032,0.0008726197282303324,0.0028807628120637646,0.0,2.077776057840295e-25,0.00014369013661053034,1088.1479383196265,519890.5433655581,102495.70046501412,534388.6952257912,18570548.171420194
